<?xml version="1.0" encoding="UTF-8"?>
<beans xmlns="http://www.springframework.org/schema/beans"
       xmlns:xsi="http://www.w3.org/2001/XMLSchema-instance"
       xmlns:context="http://www.springframework.org/schema/context"
       xsi:schemaLocation="http://www.springframework.org/schema/beans   
            http://www.springframework.org/schema/beans/spring-beans.xsd
            http://www.springframework.org/schema/context  
    		http://www.springframework.org/schema/context/spring-context.xsd">
	<!-- 配置整合mybatis过程 -->

	<!-- 1:配置数据库相关参数,properties的属性:${url}-->
	<context:property-placeholder location="classpath:properties/jdbc.properties" />
	
	<!-- 2.数据库的连接池 -->
	<bean id="dataSource" class="org.springframework.jdbc.datasource.DriverManagerDataSource">
		<!-- 数据库连接池属性 -->
		<property name="driverClassName" value="${driver}" />
		<property name="url" value="${url}" />
		<property name="username" value="${user}" />
		<property name="password" value="${password}" />
	</bean>
	
	<!-- 3:配置SqlsessionFactory对象 -->
	<bean id="sqlSessionFactory" class="org.mybatis.spring.SqlSessionFactoryBean">
		<!-- 注入数据库连接池 -->
		<property name="dataSource" ref="dataSource" />
		<!-- 配置mybatis全局配置文件:mybatis-config.xml -->
		<property name="configLocation" value="classpath:mybatis-config.xml"></property>
		<!-- 扫描entity包 使用别名  -->
		<property name="typeAliasesPackage" value="com.silencetao.entity" />
		<!-- 扫描sql配置文件:mapper需要的xml文件 -->
		<property name="mapperLocations" value="classpath:mapper/*/*.xml" />
	</bean>
	
	<!-- 4:配置扫dao接口包,动态实现dao接口,注入到spring容器中 -->
	<bean class="org.mybatis.spring.mapper.MapperScannerConfigurer">
		<!-- 注入sqlsession -->
		<property name="sqlSessionFactoryBeanName" value="sqlSessionFactory" />
		<!-- 给出需要扫描的Dao接口包 -->
		<property name="basePackage" value="com.silencetao.dao"></property>
	</bean>
</beans>