<?xml version="1.0" encoding="UTF-8"?>
<configuration debug="true">
	<appender name="STDOUT" class="ch.qos.logback.core.ConsoleAppender">
		<!-- encoders are by default assigned the type ch.qos.logback.classic.encoder.PatternLayoutEncoder -->
		<encoder>
			<pattern>%d{yyyy-MM-dd HH:mm:ss.SSS} [%thread] %-5level %logger{36} - %msg%n</pattern>
		</encoder>
	</appender>
	
	<appender name="FILE" class="ch.qos.logback.core.rolling.RollingFileAppender">
		<file>/home/ubuntu/logs/silence/silence.log</file>
		<rollingPolicy class="ch.qos.logback.core.rolling.TimeBasedRollingPolicy">
			<fileNamePattern>/home/ubuntu/logs/silence/silence-%d{yyyy-MM-dd}.log</fileNamePattern>
			<maxHistory>30</maxHistory>
		</rollingPolicy>
		<append>true</append>
		<prudent>false</prudent>
		<encoder>
			<pattern>%d{yyyy-MM-dd HH:mm:ss.SSS} [%thread] %-5level %logger{36} - %msg%n</pattern>
		</encoder>
	</appender>

	<root level="INFO">
		<appender-ref ref="STDOUT" />
		<appender-ref ref="FILE" />
	</root>
</configuration>